Account Name,First Name,Last Name,Title,Email,Phone,Nationality,Mailing Country
0017Y00001cqmryQAA,Maaz,Chougle1,Admin,chougle1@gmail.com,111 222 3333,Indian,India
0017Y00001cqmryQAA,Maaz,Chougle2,Developer,chougle2@gmail.com ,222 333 4444,Iraqi,India
0017Y00001cqmryQAA,Maaz,Chougle3,Analyst,chougle3@gmail.com,333 444 5555,Pakistan,India
0017Y00001cqmryQAA,Maaz,Chougle4,Data Scientist,chougle4@gmail.com,444 555 6666,Bangaldesh,India
0017Y00001cqmryQAA,Maaz,Chougle5,Developer,chougle5@gmail.com,111 222 3333,Indonesia,India
0017Y00001cqmryQAA,Maaz,Chougle6,Developer,chougle6@gmail.com,222 333 4444,Paris,India
0017Y00001cqmryQAA,Maaz,Chougle7,Data Scientist,chougle7@gmail.com,333 444 5555,USA,India
0017Y00001cqmryQAA,Maaz,Chougle8,Analyst,chougle8@gmail.com,444 555 6666,UAE,India
0017Y00001cqmryQAA,Maaz,Chougle9,Analyst,chougle9@gmail.com,222 333 4444,UK,India
0017Y00001cqmryQAA,Maaz,Chougle10,Analyst,chougle10@gmail.com,333 444 5555,3344,India